"Timestamp","Name","Gender","Stream","Q1. Rate your current leader","Q2. Your expectations from leader, he/she would help in-","Q3. How important are each of the following for the student leadership roles? [Relationship with university staff and students]","Q3. How important are each of the following for the student leadership roles? [Involvement in development and implementation of policies and processes ]","Q3. How important are each of the following for the student leadership roles? [Participation in the review of courses and programs]","Q3. How important are each of the following for the student leadership roles? [Involvement on university committees as student representative]","Q4.  What leadership qualities do you find most useful? [Patience]","Q4.  What leadership qualities do you find most useful? [Active listening]","Q4.  What leadership qualities do you find most useful? [Empathy]","Q4.  What leadership qualities do you find most useful? [Positivity]","Q4.  What leadership qualities do you find most useful? [Reliability]","Q4.  What leadership qualities do you find most useful? [Team building]","Q5. What kind of skill a leader acquired-","Q6. What is the main criterion for you in determining whether or not a student leader is successful in leadership? (Select any 4)","Q7. As a student leader, how do you think you can best serve your community?"
"2022/04/04 12:51:54 PM GMT+5:30","Beautiful Surbhi chauhan ","Female","Commerce","5","Improve learning and interpersonal skills;Improve or maintain Organization's standard","Moderately important","Extremely important","Slightly important","Not important at all","Moderately required","Slightly required","Highly required","Not Required","Moderately required","Highly required","People management skill","Acceptance for failure;Good relationships with peers;Off campus recognition",". "
"2022/04/04 12:52:47 PM GMT+5:30","Aarchie kothari ","Female","Post Graduate","4","Improve learning and interpersonal skills;Improve or maintain Organization's standard","Very important","Slightly important","Moderately important","Extremely important","Moderately required","Highly required","Slightly required","Moderately required","Slightly required","Moderately required","Influencing skill","Acceptance for failure;Good relationships with peers;Group accomplishments","Improvement in overall development of the collegues."
"2022/04/04 12:53:44 PM GMT+5:30","Rohit Kumar","Male","Post Graduate","3","Improve learning and interpersonal skills","Very important","Very important","Very important","Extremely important","","Highly required","Moderately required","Highly required","Moderately required","Highly required","People management skill","Acceptance for failure;Good relationships with peers;Achievement and recognition;Group accomplishments",""
"2022/04/04 12:53:51 PM GMT+5:30","Prabha gill","Male","Commerce","3","Improve or maintain Organization's standard","Moderately important","Slightly important","Moderately important","Moderately important","Slightly required","Slightly required","Not Required","Slightly required","Moderately required","Moderately required","Communication skill","A sense of community",""
"2022/04/04 12:55:19 PM GMT+5:30","Selena Gomez","Female","Medical","4","Improve employabliity","Slightly important","Slightly important","Not important at all","Moderately important","Highly required","Moderately required","Highly required","Highly required","Highly required","Highly required","People management skill","Acceptance for failure;General opinion about the person;Good relationships with peers;A sense of community",""
"2022/04/04 12:57:59 PM GMT+5:30","Satish deshmukh","Male","Post Graduate","4","Improve learning and interpersonal skills","Very important","Moderately important","Extremely important","Very important","Highly required","Moderately required","Slightly required","Highly required","Moderately required","Highly required","Communication skill","Group accomplishments","Yes"
"2022/04/04 12:59:15 PM GMT+5:30","Vishesh Borkhede ","Male","Engineering","5","Improve learning and interpersonal skills","","Moderately important","","","Highly required","Highly required","Highly required","Highly required","Highly required","Highly required","","A sense of community",""
"2022/04/04 1:01:27 PM GMT+5:30","Guru Gurjar ","Male","Post Graduate","3","Improve learning and interpersonal skills","Very important","Moderately important","Extremely important","Moderately important","Highly required","Moderately required","Highly required","Highly required","Moderately required","Moderately required","Communication skill","General opinion about the person;A sense of community;Off campus recognition;Achievement and recognition",""
"2022/04/04 1:01:52 PM GMT+5:30","Dhruvika patidar ","Female","Post Graduate","3","Improve learning and interpersonal skills","Slightly important","Slightly important","Moderately important","Moderately important","Moderately required","Moderately required","Moderately required","Moderately required","Moderately required","Moderately required","Communication skill","Good relationships with peers;A sense of community","Start helping "
"2022/04/04 1:01:54 PM GMT+5:30","Shailendra Singh","Male","Post Graduate","3","Improve or maintain Organization's standard","Slightly important","Moderately important","Very important","Extremely important","Highly required","Highly required","Slightly required","Moderately required","Slightly required","Moderately required","People management skill","Acceptance for failure;General opinion about the person;A sense of community;Achievement and recognition",""
"2022/04/04 1:01:57 PM GMT+5:30","TEJULAL VISHVKARMA ","Male","Engineering","5","Improve learning and interpersonal skills","Extremely important","Extremely important","Extremely important","Extremely important","Highly required","Highly required","Highly required","Highly required","Highly required","Highly required","Planning and Delivery skill","Group accomplishments","Yes "
"2022/04/04 1:03:28 PM GMT+5:30","Amit Singh Bisht","Male","Post Graduate","1","Improve learning and interpersonal skills","Extremely important","Extremely important","Extremely important","Very important","Highly required","Moderately required","Moderately required","Moderately required","Moderately required","Highly required","People management skill","Good relationships with peers","By taking everyone together and understanding each team member problem "
"2022/04/04 1:03:37 PM GMT+5:30","Shivani singh","Female","Commerce","5","Improve or maintain Organization's standard","Not important at all","Not important at all","Slightly important","Slightly important","Moderately required","Moderately required","Moderately required","Moderately required","Moderately required","Moderately required","Influencing skill","Acceptance for failure;Good relationships with peers;Achievement and recognition;Group accomplishments",""
"2022/04/04 1:04:35 PM GMT+5:30","Aditi Jain","Female","Post Graduate","3","Improve employabliity;Improve learning and interpersonal skills","Very important","Moderately important","Extremely important","Very important","Highly required","Highly required","Slightly required","Moderately required","Moderately required","Slightly required","People management skill","Good relationships with peers;A sense of community;Off campus recognition;Group accomplishments","Being unbaissed is  the most important one for a leader"
"2022/04/04 1:05:25 PM GMT+5:30","Devesh Sharma ","Male","Post Graduate","3","Improve or maintain Organization's standard","Moderately important","Very important","Extremely important","Very important","Highly required","Moderately required","Slightly required","Highly required","Moderately required","Highly required","Communication skill","Acceptance for failure;General opinion about the person;Good relationships with peers;A sense of community","To communicate with each and every student and solve their problem "
"2022/04/04 1:05:43 PM GMT+5:30","Ashish Mukati","Male","Post Graduate","4","Improve learning and interpersonal skills","Very important","Very important","Extremely important","Very important","Moderately required","Highly required","Slightly required","Moderately required","Moderately required","Moderately required","People management skill","Acceptance for failure;General opinion about the person;Good relationships with peers;Group accomplishments","As a leader i can serve best to my community  by listening to them and taking feedback"
"2022/04/04 1:06:24 PM GMT+5:30","Ritik thakur","Male","Commerce","5","Improve learning and interpersonal skills;Improve or maintain Organization's standard","Very important","Moderately important","Extremely important","Slightly important","Highly required","Moderately required","Slightly required","Highly required","Highly required","Highly required","People management skill","General opinion about the person;Good relationships with peers;Achievement and recognition;Group accomplishments","A citizen speaks up at the city council open meeting. Her words reveal the key issue regarding a local problem; the resulting discussion leads to a workable solution"
"2022/04/04 1:08:51 PM GMT+5:30","Aayush","Male","Post Graduate","5","Improve employabliity;Improve learning and interpersonal skills;Improve or maintain Organization's standard","Moderately important","Moderately important","Moderately important","Slightly important","Highly required","Highly required","Highly required","Highly required","Highly required","Highly required","Communication skill","Acceptance for failure;General opinion about the person;Good relationships with peers;A sense of community;Achievement and recognition;Group accomplishments","-Volunteer your time to help local community organizations 
-Join clubs or other extracurricular activities 
- Participate in class discussions and be an active learner "
"2022/04/04 1:08:56 PM GMT+5:30","Kirti Shrivastava","Female","Post Graduate","3","Improve learning and interpersonal skills;Improve or maintain Organization's standard","Moderately important","Moderately important","Moderately important","Very important","Moderately required","Highly required","Moderately required","Highly required","Highly required","Highly required","Communication skill","General opinion about the person;Good relationships with peers;A sense of community;Group accomplishments","By solving their proving 
By sense of collectiveness 
Great listening ability "
"2022/04/04 1:12:29 PM GMT+5:30","Vaibhav jain","Male","Engineering","4","Improve employabliity;Improve learning and interpersonal skills;Improve or maintain Organization's standard","","","Slightly important","Extremely important","Highly required","Slightly required","Moderately required","Not Required","Moderately required","Highly required","Influencing skill","Acceptance for failure;General opinion about the person;A sense of community;Group accomplishments",". M"
"2022/04/04 1:13:55 PM GMT+5:30","Paritosh sharma ","Male","Post Graduate","3","Improve or maintain Organization's standard","Very important","Moderately important","Very important","Extremely important","Highly required","Highly required","Moderately required","Highly required","Moderately required","Highly required","Innovation skill","Acceptance for failure;General opinion about the person;Achievement and recognition;Group accomplishments","My nature is clam & composed  in any situation in leadership this skill is very necessary."
"2022/04/04 1:14:15 PM GMT+5:30","Dakshita jain","Female","Post Graduate","4","Improve or maintain Organization's standard","Extremely important","Moderately important","Very important","Slightly important","Highly required","Highly required","Moderately required","Moderately required","Slightly required","Highly required","Innovation skill","Group accomplishments","No answer"
"2022/04/04 1:14:43 PM GMT+5:30","Rahul ","Male","Post Graduate","3","Improve employabliity","Not important at all","","","","","Slightly required","","Slightly required","","","Planning and Delivery skill","Good relationships with peers",""
"2022/04/04 1:20:14 PM GMT+5:30","Nikita pal","Female","Post Graduate","5","Improve learning and interpersonal skills","","","Very important","","","Highly required","","","","","Communication skill","A sense of community","Do something better"
"2022/04/04 1:24:19 PM GMT+5:30","Abhay Modi ","Male","Commerce","4","Improve learning and interpersonal skills","Very important","Moderately important","Very important","Extremely important","Highly required","Highly required","Moderately required","Highly required","Highly required","Highly required","People management skill","Acceptance for failure;Good relationships with peers;Achievement and recognition;Group accomplishments","As a leader i will do best for my community. "
"2022/04/04 1:26:54 PM GMT+5:30","Neha Dwivedi","Female","Engineering","5","Improve learning and interpersonal skills","Slightly important","Not important at all","Moderately important","Moderately important","Highly required","Highly required","Moderately required","Moderately required","Highly required","Highly required","People management skill","Acceptance for failure;General opinion about the person;Good relationships with peers;A sense of community","Helping in learning,improving skills "
"2022/04/04 1:28:56 PM GMT+5:30","Harsh tiwari","Female","Medical","1","Improve employabliity;Improve learning and interpersonal skills;Improve or maintain Organization's standard","Not important at all","Not important at all","Not important at all","Not important at all","Not Required","Not Required","Not Required","Not Required","Not Required","Not Required","Influencing skill","Acceptance for failure;General opinion about the person;Good relationships with peers;A sense of community;Off campus recognition;Achievement and recognition;Group accomplishments","Apna kaam banta ,bhaad me jaye janta"
"2022/04/04 1:30:29 PM GMT+5:30","Satish dekhmukh","Female","Medical","1","Improve employabliity;Improve learning and interpersonal skills;Improve or maintain Organization's standard","Not important at all","Not important at all","Not important at all","Not important at all","Not Required","Not Required","Not Required","Not Required","Not Required","Not Required","Planning and Delivery skill","Acceptance for failure;General opinion about the person;Good relationships with peers;A sense of community;Off campus recognition;Achievement and recognition;Group accomplishments","Mai kyu serve kru,waiter smjh rkkha kya"
"2022/04/04 1:31:35 PM GMT+5:30","Parv Ajmera ","Male","Post Graduate","4","Improve or maintain Organization's standard","Slightly important","Slightly important","Slightly important","Slightly important","Slightly required","Slightly required","Slightly required","Slightly required","Slightly required","Slightly required","Planning and Delivery skill","Acceptance for failure;General opinion about the person;Good relationships with peers;A sense of community;Off campus recognition",""
"2022/04/04 1:33:23 PM GMT+5:30","Shakti","Male","Others","3","Improve learning and interpersonal skills","Slightly important","Very important","Moderately important","Very important","Slightly required","Highly required","Moderately required","Moderately required","Slightly required","Highly required","Communication skill","A sense of community","Off campus recognition"
"2022/04/04 1:36:10 PM GMT+5:30","Rajdeep kourav","Male","Post Graduate","4","Improve learning and interpersonal skills","Very important","Very important","Extremely important","Very important","Highly required","Highly required","Moderately required","Highly required","Highly required","Highly required","People management skill","Achievement and recognition","By helping students and assisting them when in need."
"2022/04/04 1:48:04 PM GMT+5:30","Bhavesh ","Male","Post Graduate","4","Improve employabliity","Very important","Very important","Very important","Very important","Slightly required","Not Required","Moderately required","Slightly required","Slightly required","Moderately required","Innovation skill","Acceptance for failure;General opinion about the person;Good relationships with peers;A sense of community;Off campus recognition",""
"2022/04/04 1:48:59 PM GMT+5:30","Anam Khan ","Female","Medical","5","Improve learning and interpersonal skills","Slightly important","Moderately important","Moderately important","Slightly important","Slightly required","Highly required","Slightly required","Highly required","Slightly required","Moderately required","Influencing skill","General opinion about the person;Good relationships with peers;Achievement and recognition;Group accomplishments","Involvement in development and implementation of policies and processes "
"2022/04/04 1:50:03 PM GMT+5:30","Harshal Joshi ","Male","Post Graduate","4","Improve or maintain Organization's standard","Very important","Extremely important","Very important","Extremely important","Moderately required","Highly required","Moderately required","Highly required","Moderately required","Highly required","Planning and Delivery skill","Acceptance for failure;General opinion about the person;Good relationships with peers;A sense of community;Off campus recognition;Achievement and recognition;Group accomplishments","By serving "
"2022/04/04 1:51:02 PM GMT+5:30","Jayank","Male","Commerce","5","Improve learning and interpersonal skills","Extremely important","Extremely important","Extremely important","Extremely important","Highly required","Highly required","Highly required","Highly required","Highly required","Highly required","Communication skill","Acceptance for failure;A sense of community;Off campus recognition;Group accomplishments",""
"2022/04/04 1:58:43 PM GMT+5:30","Vimal dwivedi ","Male","Engineering","5","Improve learning and interpersonal skills","Extremely important","Very important","Very important","Very important","Moderately required","Highly required","Highly required","","Highly required","Highly required","Communication skill","Group accomplishments","By fulfilling the responsibility of the leader through his work and communication skills
"
"2022/04/04 2:06:33 PM GMT+5:30","Swalayha khan","Female","Post Graduate","3","Improve learning and interpersonal skills","Very important","Very important","Very important","Extremely important","","Moderately required","","Highly required","Highly required","Highly required","People management skill","Acceptance for failure;Good relationships with peers;A sense of community;Achievement and recognition;Group accomplishments",""
"2022/04/04 2:06:58 PM GMT+5:30","Arpit Parmar","Male","Post Graduate","1","Improve employabliity;Improve learning and interpersonal skills;Improve or maintain Organization's standard","Very important","Very important","Very important","Very important","Moderately required","Moderately required","Moderately required","Moderately required","Moderately required","Moderately required","Innovation skill","Acceptance for failure;General opinion about the person;Good relationships with peers;A sense of community;Off campus recognition;Achievement and recognition;Group accomplishments",""
"2022/04/04 2:10:47 PM GMT+5:30","Indermal Meena ","Male","Engineering","5","Improve or maintain Organization's standard","","Very important","","","","","","","Highly required","Highly required","Communication skill","General opinion about the person;Good relationships with peers;Achievement and recognition;Group accomplishments","Yes"
"2022/04/04 2:12:15 PM GMT+5:30","Naveen","Male","Commerce","4","Improve employabliity","Very important","Very important","Extremely important","Extremely important","Highly required","Moderately required","Moderately required","Highly required","Moderately required","Highly required","People management skill","Off campus recognition;Achievement and recognition",""
"2022/04/04 2:40:59 PM GMT+5:30","Vikram sharma ","Male","Others","2","Improve learning and interpersonal skills","Very important","Extremely important","Extremely important","Very important","Highly required","Highly required","Highly required","Highly required","Highly required","Moderately required","People management skill","Acceptance for failure;A sense of community;Achievement and recognition;Group accomplishments","I can motivate the youth.. And also can help the education system of community.. "
"2022/04/04 2:42:12 PM GMT+5:30","Sakshi Nagar ","Female","Commerce","3","Improve learning and interpersonal skills","Slightly important","Moderately important","Moderately important","Slightly important","Slightly required","Highly required","Moderately required","Highly required","Highly required","Highly required","Communication skill","Good relationships with peers",""
"2022/04/04 2:50:18 PM GMT+5:30","Jyotsna kalwani ","Female","Commerce","3","Improve employabliity;Improve learning and interpersonal skills;Improve or maintain Organization's standard","Very important","Extremely important","Moderately important","Very important","Moderately required","Highly required","Moderately required","Highly required","Moderately required","Highly required","People management skill","Good relationships with peers;A sense of community;Achievement and recognition","I can be more understanding towards my peers "
"2022/04/04 3:58:24 PM GMT+5:30","Nikhil ","Male","Engineering","5","Improve learning and interpersonal skills","Very important","Extremely important","Very important","Extremely important","Moderately required","Moderately required","Moderately required","Moderately required","Slightly required","Slightly required","People management skill","Achievement and recognition","Reliability "
"2022/04/04 4:13:59 PM GMT+5:30","Naman patidar ","Male","Engineering","5","Improve or maintain Organization's standard","Extremely important","Extremely important","Extremely important","Extremely important","Highly required","Highly required","Highly required","Highly required","Highly required","Highly required","Planning and Delivery skill","General opinion about the person;Good relationships with peers;A sense of community;Achievement and recognition","We can contribute in every field of college and give our best"
"2022/04/04 4:51:36 PM GMT+5:30","Mohini","Female","Others","5","Improve learning and interpersonal skills","Slightly important","Moderately important","Moderately important","Moderately important","Slightly required","Moderately required","Moderately required","Highly required","Moderately required","Moderately required","People management skill","Good relationships with peers;A sense of community;Off campus recognition;Achievement and recognition","Yes"
"2022/04/04 5:02:34 PM GMT+5:30","Monika","Female","Others","3","Improve learning and interpersonal skills","Very important","Very important","Very important","Very important","Highly required","Highly required","Moderately required","Highly required","Moderately required","Highly required","People management skill","General opinion about the person;Good relationships with peers;A sense of community;Off campus recognition;Group accomplishments",""
"2022/04/04 5:13:39 PM GMT+5:30","Shefali ","Female","Post Graduate","4","Improve learning and interpersonal skills","Very important","Very important","Very important","Very important","Highly required","Highly required","Highly required","Highly required","Highly required","Highly required","People management skill","General opinion about the person;Good relationships with peers;A sense of community;Achievement and recognition",""
"2022/04/04 5:40:26 PM GMT+5:30","Ayushi patidar ","Female","Post Graduate","5","Improve employabliity","Slightly important","Slightly important","Slightly important","Slightly important","Slightly required","Slightly required","Slightly required","Slightly required","Slightly required","Slightly required","Innovation skill","General opinion about the person;A sense of community;Achievement and recognition;Group accomplishments","Participate in every program "
"2022/04/04 5:59:56 PM GMT+5:30","Rajat sharma","Male","Commerce","5","Improve learning and interpersonal skills","Slightly important","Slightly important","Slightly important","Slightly important","Slightly required","Moderately required","Slightly required","Moderately required","Moderately required","Moderately required","Communication skill","General opinion about the person;A sense of community;Achievement and recognition;Group accomplishments","Good communication "
"2022/04/04 8:54:05 PM GMT+5:30","Ankit sharma","Male","Others","4","Improve employabliity;Improve or maintain Organization's standard","Extremely important","Moderately important","Very important","Extremely important","Highly required","Highly required","Moderately required","Highly required","Slightly required","Slightly required","People management skill","General opinion about the person;Off campus recognition",""
"2022/04/04 9:08:51 PM GMT+5:30","Karan singh pawar","Male","Commerce","","Improve learning and interpersonal skills","Extremely important","Extremely important","Moderately important","Very important","Slightly required","Highly required","Moderately required","Moderately required","Moderately required","Moderately required","Innovation skill","Good relationships with peers;A sense of community;Off campus recognition;Group accomplishments","Listening to the problem ..and by solving it"
"2022/04/04 9:09:01 PM GMT+5:30","Karan singh pawar","Male","Commerce","","Improve learning and interpersonal skills","Extremely important","Extremely important","Moderately important","Very important","Slightly required","Highly required","Moderately required","Moderately required","Moderately required","Moderately required","Innovation skill","Good relationships with peers;A sense of community;Off campus recognition;Group accomplishments","Listening to the problem ..and by solving it"
"2022/04/04 9:42:54 PM GMT+5:30","Govind Kaushik","Male","Engineering","5","Improve or maintain Organization's standard","Extremely important","Extremely important","Extremely important","Very important","Highly required","Highly required","Moderately required","Highly required","Moderately required","Highly required","Communication skill","Acceptance for failure;Good relationships with peers;A sense of community;Group accomplishments","Give students plenty of time and opportunity, as part of school, to experience and work in the wider community."
"2022/04/04 10:14:52 PM GMT+5:30","Bhawna sahu","Female","Commerce","2","Improve learning and interpersonal skills","","","","","Moderately required","Moderately required","","Moderately required","","Moderately required","Innovation skill","Good relationships with peers",""
"2022/04/04 10:24:35 PM GMT+5:30","Divyanshi more","Female","Commerce","5","Improve learning and interpersonal skills","Slightly important","","Slightly important","","Slightly required","Moderately required","Slightly required","Moderately required","","Not Required","Communication skill","Good relationships with peers;A sense of community;Achievement and recognition;Group accomplishments",""
"2022/04/04 10:25:45 PM GMT+5:30","abhishek jat","Male","Post Graduate","1","Improve employabliity;Improve learning and interpersonal skills;Improve or maintain Organization's standard","Extremely important","Very important","Very important","Extremely important","Slightly required","Moderately required","Moderately required","Highly required","Moderately required","Highly required","Influencing skill","Good relationships with peers;A sense of community;Off campus recognition",""
"2022/04/04 10:28:25 PM GMT+5:30","Pooja Nalya ","Female","Engineering","5","Improve or maintain Organization's standard","Very important","Moderately important","Very important","Extremely important","Slightly required","Moderately required","Slightly required","Highly required","Moderately required","Highly required","Innovation skill","Acceptance for failure;General opinion about the person;Off campus recognition;Achievement and recognition","the ability to inspire, strong communication skills and pride in their community. "
"2022/04/04 10:33:46 PM GMT+5:30","Shraddha ","Female","Commerce","2","Improve employabliity;Improve learning and interpersonal skills;Improve or maintain Organization's standard","Moderately important","Very important","Very important","Extremely important","Highly required","Highly required","Highly required","Highly required","Highly required","Highly required","Innovation skill","Acceptance for failure;General opinion about the person;Good relationships with peers;A sense of community;Off campus recognition;Group accomplishments",""
"2022/04/04 10:44:08 PM GMT+5:30","Vishal sahu","Male","Engineering","1","Improve employabliity;Improve learning and interpersonal skills;Improve or maintain Organization's standard","Moderately important","Moderately important","Moderately important","Moderately important","Moderately required","Highly required","Moderately required","Highly required","Moderately required","Moderately required","People management skill","Acceptance for failure;General opinion about the person;Good relationships with peers;A sense of community;Off campus recognition;Achievement and recognition;Group accomplishments","All Students opinion and lesson then do "
"2022/04/04 10:49:40 PM GMT+5:30","Sachin dhakad","Male","Post Graduate","5","Improve employabliity","Extremely important","Extremely important","Extremely important","Extremely important","Highly required","Highly required","Moderately required","Highly required","Highly required","Highly required","Communication skill","General opinion about the person;Good relationships with peers;Off campus recognition;Group accomplishments",""
"2022/04/05 10:23:41 AM GMT+5:30","Chirag pandya","Male","Post Graduate","5","Improve employabliity;Improve learning and interpersonal skills;Improve or maintain Organization's standard","Not important at all","Moderately important","Moderately important","Moderately important","Moderately required","Highly required","Slightly required","Moderately required","Moderately required","Highly required","Planning and Delivery skill","General opinion about the person;Good relationships with peers;Achievement and recognition;Group accomplishments","Communication"
"2022/04/05 10:31:31 AM GMT+5:30","Rahul Rajbhar ","Male","Engineering","5","Improve learning and interpersonal skills","Extremely important","Very important","Extremely important","Very important","Moderately required","Highly required","Moderately required","Highly required","Highly required","Highly required","Planning and Delivery skill","Acceptance for failure;Good relationships with peers;A sense of community;Group accomplishments","Ability to inspire, strong communication skills and pride in their community"
"2022/04/05 11:07:02 AM GMT+5:30","Saloni","Female","Post Graduate","1","Improve employabliity;Improve learning and interpersonal skills;Improve or maintain Organization's standard","Extremely important","Not important at all","Slightly important","Moderately important","Highly required","Highly required","Highly required","Moderately required","Slightly required","Not Required","People management skill","General opinion about the person;Good relationships with peers;A sense of community;Achievement and recognition","Pta nahi😂"
"2022/04/05 11:52:21 AM GMT+5:30","Shubham Gour","Male","Engineering","5","Improve learning and interpersonal skills","Extremely important","Extremely important","Extremely important","Very important","Moderately required","Moderately required","Moderately required","Highly required","Highly required","Highly required","People management skill","Group accomplishments",""
"2022/04/05 1:42:21 PM GMT+5:30","Unique patidar","Male","Commerce","5","Improve employabliity","Slightly important","Slightly important","Slightly important","Slightly important","Not Required","Not Required","Not Required","Not Required","Not Required","Not Required","Innovation skill","Acceptance for failure;Good relationships with peers;Achievement and recognition;Group accomplishments","Yes"
"2022/04/05 7:35:41 PM GMT+5:30","Rinki sahu","Female","Post Graduate","4","Improve employabliity;Improve learning and interpersonal skills","Slightly important","Moderately important","Moderately important","Slightly important","Highly required","Moderately required","Moderately required","Slightly required","Highly required","Moderately required","Influencing skill","Acceptance for failure;General opinion about the person;A sense of community;Achievement and recognition","By listening to them"
"2022/04/05 7:36:06 PM GMT+5:30","Harish Bhuriya","Male","Commerce","5","Improve learning and interpersonal skills","Slightly important","Slightly important","Not important at all","Slightly important","Slightly required","Slightly required","","Not Required","Moderately required","Not Required","People management skill","A sense of community","Thanks you"
"2022/04/05 8:15:33 PM GMT+5:30","Anita Sharma ","Female","Engineering","4","Improve learning and interpersonal skills;Improve or maintain Organization's standard","Slightly important","Extremely important","Very important","Moderately important","Highly required","Moderately required","Slightly required","Highly required","Moderately required","Slightly required","Communication skill","Acceptance for failure;General opinion about the person;A sense of community;Off campus recognition",""
"2022/04/05 8:35:41 PM GMT+5:30","Madiha Naqvi","Female","Medical","4","Improve employabliity","Extremely important","","","","Highly required","Moderately required","Highly required","Highly required","Moderately required","Highly required","Planning and Delivery skill","Good relationships with peers",""
"2022/04/05 10:31:10 PM GMT+5:30","Durgesh Ahirwar","Male","Engineering","5","Improve learning and interpersonal skills","Very important","Extremely important","Very important","Extremely important","Moderately required","Highly required","Moderately required","Highly required","Highly required","Moderately required","Communication skill","Achievement and recognition;Group accomplishments","Yaaa"
"2022/04/05 11:02:48 PM GMT+5:30","Gungun dangane ","Female","Commerce","4","","","","","","","","","","","","","",""
"2022/04/06 1:00:20 AM GMT+5:30","Rupali khatarkar","Female","Engineering","5","Improve employabliity;Improve learning and interpersonal skills;Improve or maintain Organization's standard","Very important","Very important","Very important","Very important","Highly required","Highly required","Highly required","Moderately required","Moderately required","Moderately required","Communication skill","General opinion about the person;Good relationships with peers;A sense of community;Achievement and recognition",""
"2022/04/06 10:08:44 AM GMT+5:30","Aastha mishra","Female","Post Graduate","4","Improve learning and interpersonal skills","Moderately important","Moderately important","Moderately important","Moderately important","Highly required","Highly required","Moderately required","Highly required","Moderately required","Highly required","Innovation skill","Acceptance for failure;General opinion about the person;A sense of community;Achievement and recognition;Group accomplishments","Experience"
"2022/04/06 12:21:16 PM GMT+5:30","Abhijeet Singh Rajput ","Male","Others","5","Improve employabliity","Very important","Very important","Very important","Very important","Slightly required","Slightly required","Slightly required","Slightly required","Slightly required","Slightly required","Influencing skill","Acceptance for failure;Good relationships with peers;A sense of community;Achievement and recognition",""
"2022/04/06 12:26:34 PM GMT+5:30","Bheem chouriya","Male","Engineering","5","Improve employabliity","","","","","","","","","","Highly required","People management skill","Acceptance for failure;General opinion about the person;Good relationships with peers;A sense of community","Best"
"2022/04/06 12:32:13 PM GMT+5:30","Ekta Rani","Female","Post Graduate","3","Improve or maintain Organization's standard","Very important","Extremely important","Extremely important","Moderately important","Highly required","Moderately required","Slightly required","Highly required","Moderately required","Highly required","People management skill","Acceptance for failure;Good relationships with peers;A sense of community;Group accomplishments","Leader should be more people oriented with the understanding of problem solving ability and more over peoples guy ."
"2022/04/06 1:15:39 PM GMT+5:30","Deepak rai ","Male","Commerce","5","Improve employabliity;Improve learning and interpersonal skills;Improve or maintain Organization's standard","Extremely important","Extremely important","Extremely important","Extremely important","Highly required","Highly required","Highly required","Highly required","Highly required","Highly required","People management skill","Good relationships with peers;A sense of community;Off campus recognition;Achievement and recognition","VERY GOOD "
"2022/04/06 1:32:12 PM GMT+5:30","Rudrakshi Panchal","Female","Commerce","4","Improve learning and interpersonal skills","Extremely important","Extremely important","Very important","Very important","Slightly required","Moderately required","Not Required","Moderately required","Slightly required","Moderately required","People management skill","Acceptance for failure;General opinion about the person;Good relationships with peers;A sense of community;Off campus recognition;Achievement and recognition;Group accomplishments",""
"2022/04/06 3:08:58 PM GMT+5:30","Smita Sharma","Female","Medical","4","Improve employabliity;Improve or maintain Organization's standard","Moderately important","Very important","Extremely important","Very important","Moderately required","Highly required","Slightly required","Slightly required","Moderately required","Highly required","Communication skill","General opinion about the person;Good relationships with peers;Off campus recognition;Achievement and recognition","Nothing to say"
"2022/04/06 3:10:43 PM GMT+5:30","Satyam Tiwari","Male","Engineering","4","Improve employabliity;Improve learning and interpersonal skills","Extremely important","Very important","Extremely important","Very important","Moderately required","Moderately required","Slightly required","Highly required","Highly required","Moderately required","Planning and Delivery skill","Acceptance for failure;Good relationships with peers;Off campus recognition;Group accomplishments","Leader should focus on improvement of all & should be unbaissed"
"2022/04/06 3:11:29 PM GMT+5:30","Rohit deshmukh","Male","Post Graduate","4","Improve learning and interpersonal skills","Very important","Moderately important","Extremely important","Very important","Highly required","Moderately required","Slightly required","Highly required","Moderately required","Highly required","Communication skill","Acceptance for failure;Good relationships with peers;A sense of community;Achievement and recognition","Being honest
"
"2022/04/06 3:12:49 PM GMT+5:30","Rajpal sing ","Male","Medical","3","Improve or maintain Organization's standard","Extremely important","Very important","Extremely important","Moderately important","Highly required","Moderately required","Highly required","Slightly required","Moderately required","Highly required","People management skill","Acceptance for failure;Good relationships with peers;A sense of community;Achievement and recognition;Group accomplishments","Nothing to say"
"2022/04/06 3:12:57 PM GMT+5:30","Akansha Mishra","Female","","3","Improve employabliity","Very important","Extremely important","Moderately important","Very important","Moderately required","Highly required","Slightly required","Moderately required","Slightly required","Moderately required","Influencing skill","General opinion about the person;Good relationships with peers;A sense of community;Achievement and recognition","Should focus on work and activity"
"2022/04/06 3:14:33 PM GMT+5:30","Pooja Jain","Female","Engineering","2","Improve employabliity;Improve learning and interpersonal skills","Moderately important","Very important","Extremely important","Very important","Highly required","Moderately required","Moderately required","Slightly required","Moderately required","Slightly required","Planning and Delivery skill","General opinion about the person;Good relationships with peers;A sense of community;Achievement and recognition","Null"
"2022/04/06 3:14:34 PM GMT+5:30","Nikhil chouhan","Male","Medical","4","Improve learning and interpersonal skills","Moderately important","Extremely important","Very important","Very important","","","","","","","People management skill","Acceptance for failure;General opinion about the person;Good relationships with peers;A sense of community;Off campus recognition","Make unity"
"2022/04/06 3:15:50 PM GMT+5:30","Sonali ","Female","Post Graduate","4","Improve learning and interpersonal skills","Extremely important","Very important","Moderately important","Very important","Moderately required","Moderately required","Slightly required","Highly required","Moderately required","Slightly required","Communication skill","General opinion about the person;Good relationships with peers;A sense of community;Achievement and recognition","Best"
"2022/04/06 3:17:33 PM GMT+5:30","Shumanshu gurjar","Male","Engineering","5","Improve employabliity;Improve learning and interpersonal skills","Extremely important","Very important","Very important","Extremely important","Highly required","Moderately required","Moderately required","Slightly required","Moderately required","Slightly required","People management skill","Acceptance for failure;General opinion about the person;Good relationships with peers;Off campus recognition;Achievement and recognition",""
"2022/04/06 3:17:44 PM GMT+5:30","Himanshu piplode","Male","Engineering","5","Improve or maintain Organization's standard","Very important","Extremely important","Very important","Moderately important","Moderately required","","Moderately required","Moderately required","Highly required","Moderately required","Planning and Delivery skill","Acceptance for failure;A sense of community;Off campus recognition;Achievement and recognition;Group accomplishments",""
"2022/04/06 3:21:40 PM GMT+5:30","Prateek Gupta","Male","","3","Improve employabliity;Improve learning and interpersonal skills","Very important","Extremely important","Moderately important","Very important","Moderately required","Highly required","Slightly required","Moderately required","Highly required","Moderately required","Influencing skill","General opinion about the person;A sense of community;Off campus recognition;Achievement and recognition","Firstly he should follow rules then tell to others to follow"
"2022/04/06 3:22:23 PM GMT+5:30","Rahulraj kourav","Male","Post Graduate","5","Improve learning and interpersonal skills","Moderately important","Very important","Extremely important","Extremely important","Moderately required","Highly required","Moderately required","Highly required","Moderately required","Moderately required","People management skill","Achievement and recognition","By helping others"
"2022/04/06 3:24:40 PM GMT+5:30","Mohit kourav","Male","Commerce","3","Improve employabliity","Extremely important","Moderately important","Extremely important","Very important","Moderately required","Highly required","Moderately required","Highly required","Slightly required","Moderately required","Influencing skill","General opinion about the person;Good relationships with peers;A sense of community;Off campus recognition;Achievement and recognition",""
"2022/04/06 6:50:14 PM GMT+5:30","Anuj sonkeshariya ","Male","Commerce","5","Improve learning and interpersonal skills;Improve or maintain Organization's standard","Not important at all","Slightly important","Moderately important","Slightly important","Highly required","Highly required","Moderately required","Highly required","Highly required","Moderately required","People management skill","Acceptance for failure;Good relationships with peers;Off campus recognition;Achievement and recognition",""
"2022/04/07 7:42:50 PM GMT+5:30","Suchitra pandey","Female","Medical","5","Improve or maintain Organization's standard","Moderately important","Extremely important","Very important","Very important","Highly required","Highly required","Highly required","Highly required","Highly required","Highly required","Communication skill","General opinion about the person;Good relationships with peers;A sense of community;Achievement and recognition","To communicate with peer groups and help them according their needs ."
"2022/04/08 12:13:40 PM GMT+5:30","Yuvraj chouriya","Male","Engineering","5","Improve or maintain Organization's standard","Very important","Moderately important","Slightly important","Moderately important","Highly required","Moderately required","Not Required","Highly required","Highly required","Highly required","Innovation skill","General opinion about the person;Good relationships with peers;A sense of community;Achievement and recognition","Yes "
"2022/04/08 4:18:51 PM GMT+5:30","Mayank Nigwal","Male","Engineering","4","Improve or maintain Organization's standard","Extremely important","Very important","Very important","Moderately important","Moderately required","Moderately required","Slightly required","Moderately required","Highly required","Slightly required","People management skill","Acceptance for failure;General opinion about the person;A sense of community;Achievement and recognition",""
"2022/04/08 4:19:54 PM GMT+5:30","Yash Vishore","Male","Engineering","4","Improve learning and interpersonal skills","Moderately important","Extremely important","Very important","Very important","Highly required","Moderately required","Moderately required","Slightly required","Moderately required","Slightly required","Planning and Delivery skill","Acceptance for failure;General opinion about the person;A sense of community;Achievement and recognition",""
"2022/04/08 4:20:54 PM GMT+5:30","Akash Singh","Male","Engineering","4","Improve learning and interpersonal skills;Improve or maintain Organization's standard","Very important","Extremely important","Very important","Extremely important","Moderately required","Highly required","Moderately required","Moderately required","Highly required","Moderately required","People management skill","General opinion about the person;Good relationships with peers;Off campus recognition;Achievement and recognition",""
"2022/04/08 4:22:48 PM GMT+5:30","Rajat Trivedi","Male","Engineering","4","Improve employabliity;Improve learning and interpersonal skills","Very important","Very important","Extremely important","Very important","Moderately required","Highly required","Slightly required","Moderately required","Highly required","Moderately required","Influencing skill","Good relationships with peers;A sense of community;Off campus recognition;Group accomplishments","Should be honest about his or her work"
"2022/04/08 4:23:47 PM GMT+5:30","Rahul Chouhan","Male","Engineering","5","Improve employabliity","Very important","Extremely important","Very important","Moderately important","Moderately required","Highly required","Moderately required","Highly required","Highly required","Slightly required","Influencing skill","General opinion about the person;A sense of community;Achievement and recognition;Group accomplishments",""
"2022/04/08 6:46:38 PM GMT+5:30","Keerti Choukarya","Female","Medical","5","Improve or maintain Organization's standard","Very important","Extremely important","Extremely important","Extremely important","Highly required","Highly required","Highly required","Highly required","Highly required","Highly required","People management skill","General opinion about the person;Good relationships with peers;Off campus recognition;Achievement and recognition","By increasing inter personal communication among people, listening their opinions actively and participation with great enthusiasm "
"2022/04/08 6:54:32 PM GMT+5:30","Tamanna gupta","Female","Medical","5","Improve learning and interpersonal skills","Very important","Moderately important","Very important","Very important","","Highly required","Highly required","Highly required","","Highly required","Influencing skill","Acceptance for failure;Good relationships with peers;Achievement and recognition;Group accomplishments","By doing social working..."
"2022/04/08 7:07:39 PM GMT+5:30","Sanskrati patidar ","Female","Commerce","4","Improve learning and interpersonal skills","Moderately important","Moderately important","Moderately important","Moderately important","Moderately required","Highly required","Moderately required","Highly required","Highly required","Highly required","Communication skill","Acceptance for failure;Good relationships with peers;A sense of community;Off campus recognition",""
"2022/04/08 7:38:48 PM GMT+5:30","Kunal ghatkare","Male","Engineering","1","Improve learning and interpersonal skills","Moderately important","Slightly important","Not important at all","Slightly important","Slightly required","","Moderately required","Slightly required","Moderately required","Slightly required","","Good relationships with peers;A sense of community;Achievement and recognition",""
"2022/04/20 2:14:56 PM GMT+5:30","Rehan ","Male","Engineering","4","Improve or maintain Organization's standard","Moderately important","Extremely important","Moderately important","Very important","Moderately required","Highly required","Slightly required","Moderately required","Slightly required","Highly required","Communication skill","General opinion about the person;Good relationships with peers;Off campus recognition;Achievement and recognition",""
"2022/04/20 2:15:52 PM GMT+5:30","Jaydeep","Male","Engineering","3","Improve employabliity","Moderately important","Very important","Moderately important","Slightly important","Moderately required","","Slightly required","Highly required","Moderately required","","Influencing skill","Acceptance for failure;Good relationships with peers;A sense of community;Off campus recognition",""
"2022/04/20 2:17:26 PM GMT+5:30","Solani ","Female","Medical","5","Improve learning and interpersonal skills","Moderately important","Extremely important","Very important","Moderately important","Moderately required","","Moderately required","Slightly required","Moderately required","Slightly required","Planning and Delivery skill","Acceptance for failure;A sense of community;Off campus recognition;Achievement and recognition",""
"2022/04/20 2:18:25 PM GMT+5:30","Sakshi pawar","Female","Medical","5","Improve or maintain Organization's standard","Very important","Moderately important","Very important","Moderately important","Moderately required","Moderately required","Slightly required","Moderately required","","Slightly required","Communication skill","Acceptance for failure;General opinion about the person;Good relationships with peers;A sense of community","No comments"
"2022/04/20 2:19:27 PM GMT+5:30","Vedika","Female","Medical","4","Improve or maintain Organization's standard","Moderately important","Very important","Extremely important","Very important","Moderately required","Slightly required","Highly required","Moderately required","Highly required","Moderately required","Innovation skill","General opinion about the person;Good relationships with peers;A sense of community;Achievement and recognition","Yes"
"2022/04/20 2:21:51 PM GMT+5:30","Sachin patidar","Male","Commerce","4","Improve learning and interpersonal skills","Very important","Moderately important","Very important","Very important","Highly required","Moderately required","Slightly required","Highly required","Moderately required","Highly required","Planning and Delivery skill","Acceptance for failure;General opinion about the person;A sense of community;Off campus recognition",""
"2022/04/20 2:23:46 PM GMT+5:30","Rahul pawar","Male","Engineering","3","Improve learning and interpersonal skills","Very important","Extremely important","Moderately important","Very important","Moderately required","","Highly required","Slightly required","Moderately required","Moderately required","Planning and Delivery skill","Acceptance for failure;General opinion about the person;Good relationships with peers;A sense of community",""
"2022/04/20 2:24:50 PM GMT+5:30","Shiva ","Male","Post Graduate","3","Improve employabliity","Slightly important","Moderately important","Slightly important","Moderately important","Moderately required","Highly required","Slightly required","Moderately required","Highly required","Highly required","Planning and Delivery skill","General opinion about the person",""
"2022/04/20 2:25:56 PM GMT+5:30","Priya","Female","Medical","2","Improve learning and interpersonal skills;Improve or maintain Organization's standard","Moderately important","Extremely important","Moderately important","Extremely important","Highly required","Highly required","Moderately required","Highly required","Moderately required","Highly required","Influencing skill","Good relationships with peers","No comments"
"2022/04/20 2:27:26 PM GMT+5:30","Shivani","Female","Commerce","4","Improve learning and interpersonal skills","Very important","Moderately important","Very important","Extremely important","Moderately required","Moderately required","Moderately required","Moderately required","Moderately required","Moderately required","Innovation skill","Acceptance for failure;General opinion about the person;Off campus recognition;Group accomplishments",""
"2022/04/20 2:30:00 PM GMT+5:30","Priyanka","Female","Commerce","3","Improve learning and interpersonal skills;Improve or maintain Organization's standard","Moderately important","Very important","Very important","Extremely important","Moderately required","Moderately required","Moderately required","Highly required","Highly required","Highly required","Influencing skill","Acceptance for failure;Good relationships with peers;A sense of community;Achievement and recognition",""
"2022/04/20 2:30:48 PM GMT+5:30","Trapti","Female","Medical","5","Improve employabliity","Extremely important","Extremely important","Very important","Very important","Moderately required","Highly required","Highly required","Moderately required","Highly required","Moderately required","Planning and Delivery skill","Acceptance for failure;Good relationships with peers;A sense of community;Achievement and recognition",""
"2022/04/20 2:32:02 PM GMT+5:30","Diya sharma","Female","Engineering","4","Improve learning and interpersonal skills","Moderately important","Moderately important","Very important","Very important","Highly required","Highly required","Slightly required","Highly required","Slightly required","Moderately required","Communication skill","General opinion about the person;Good relationships with peers;Off campus recognition;Group accomplishments",""
"2022/04/20 2:32:53 PM GMT+5:30","Vivek","Male","Post Graduate","5","Improve employabliity","Extremely important","Very important","Very important","Extremely important","Highly required","Moderately required","Highly required","Moderately required","Highly required","Moderately required","Planning and Delivery skill","General opinion about the person;Good relationships with peers;A sense of community;Off campus recognition",""
"2022/04/20 2:33:44 PM GMT+5:30","Ajay Gupta","Male","Medical","4","Improve learning and interpersonal skills","Very important","Extremely important","Very important","Slightly important","Moderately required","Slightly required","Moderately required","Highly required","Moderately required","Highly required","","Acceptance for failure;General opinion about the person;Achievement and recognition;Group accomplishments",""
"2022/04/20 2:34:32 PM GMT+5:30","Abhi singh","Male","Engineering","4","Improve employabliity","Very important","Very important","Very important","Very important","Highly required","Highly required","Highly required","Highly required","Highly required","Highly required","","General opinion about the person;Good relationships with peers;A sense of community;Off campus recognition",""
"2022/04/20 6:12:20 PM GMT+5:30","Massarat noor","Female","Engineering","4","Improve learning and interpersonal skills","Slightly important","Moderately important","Slightly important","Very important","Slightly required","Moderately required","Moderately required","Highly required","Highly required","Highly required","Influencing skill","Acceptance for failure;Good relationships with peers;Off campus recognition;Achievement and recognition","By providing moral and ethics "
"2022/04/20 6:17:36 PM GMT+5:30","Shoaib ali khan ","Male","Engineering","3","Improve employabliity","Slightly important","Moderately important","Very important","Very important","Highly required","Moderately required","Slightly required","Moderately required","Highly required","Moderately required","Planning and Delivery skill","Acceptance for failure;General opinion about the person;Off campus recognition;Group accomplishments","As a leader give my 100% for my work "
"2022/04/20 6:20:40 PM GMT+5:30","Kuldeep singh rajput ","Male","Others","3","Improve or maintain Organization's standard","Slightly important","Moderately important","Slightly important","Moderately important","Moderately required","Moderately required","Moderately required","Highly required","Highly required","Highly required","People management skill","General opinion about the person;Good relationships with peers;A sense of community;Off campus recognition","Giving my 100% for my job"
"2022/04/20 6:24:33 PM GMT+5:30","Kuldeep Morya ","Male","Commerce","4","Improve learning and interpersonal skills","Not important at all","Very important","Moderately important","Extremely important","Highly required","Moderately required","Slightly required","Moderately required","Highly required","Moderately required","Influencing skill","General opinion about the person;A sense of community;Off campus recognition;Achievement and recognition","I can serve like those who needs me I'm always available for them "
"2022/04/20 6:30:06 PM GMT+5:30","Ankita Pancholi ","Female","Medical","5","Improve or maintain Organization's standard","Extremely important","Very important","Moderately important","Extremely important","Highly required","Highly required","Moderately required","Moderately required","Slightly required","Moderately required","Communication skill","Acceptance for failure;General opinion about the person;Good relationships with peers;Achievement and recognition","As a medical student this is very important for helping others and i think that's a very important for a leader too. "
"2022/04/20 9:59:39 PM GMT+5:30","Ajay","Male","","4","Improve learning and interpersonal skills","Slightly important","Moderately important","Slightly important","Slightly important","Moderately required","Highly required","Moderately required","Highly required","Moderately required","Slightly required","Influencing skill","Acceptance for failure",""
"2022/04/20 10:00:13 PM GMT+5:30","Sahil","Male","","4","Improve learning and interpersonal skills","Slightly important","Moderately important","Slightly important","Slightly important","Moderately required","Moderately required","Slightly required","Moderately required","Highly required","Moderately required","Innovation skill","Good relationships with peers",""
"2022/04/20 10:01:03 PM GMT+5:30","Alok","Male","Medical","3","Improve or maintain Organization's standard","Slightly important","Moderately important","Slightly important","Moderately important","Highly required","Moderately required","Moderately required","Highly required","Highly required","Moderately required","People management skill","General opinion about the person;Good relationships with peers;A sense of community;Achievement and recognition",""
"2022/04/20 10:01:38 PM GMT+5:30","Amit","Male","Engineering","2","Improve learning and interpersonal skills","Slightly important","Slightly important","Moderately important","Moderately important","Highly required","","Slightly required","Slightly required","Moderately required","Slightly required","Communication skill","General opinion about the person;A sense of community;Off campus recognition;Group accomplishments",""
"2022/04/20 10:02:50 PM GMT+5:30","Raj","Male","Post Graduate","3","Improve employabliity;Improve learning and interpersonal skills","Moderately important","Slightly important","Slightly important","Moderately important","Highly required","Moderately required","Moderately required","Highly required","Moderately required","Moderately required","People management skill","Acceptance for failure;Good relationships with peers;A sense of community;Achievement and recognition",""
"2022/04/20 10:04:20 PM GMT+5:30","Taukeer","Male","Commerce","3","Improve employabliity;Improve or maintain Organization's standard","Slightly important","Moderately important","Slightly important","Slightly important","Moderately required","Moderately required","Highly required","Moderately required","Highly required","Moderately required","People management skill","Acceptance for failure;Good relationships with peers;Off campus recognition;Achievement and recognition",""
"2022/04/20 10:05:00 PM GMT+5:30","Ahmed","Male","Commerce","","Improve employabliity;Improve learning and interpersonal skills","Moderately important","Slightly important","Slightly important","Moderately important","Moderately required","Moderately required","Highly required","Moderately required","Highly required","Highly required","Communication skill","Acceptance for failure;A sense of community;Off campus recognition;Group accomplishments",""
"2022/04/20 10:52:07 PM GMT+5:30","Mahendra singh chouhan ","Male","Post Graduate","3","Improve employabliity;Improve or maintain Organization's standard","Moderately important","Slightly important","Moderately important","Moderately important","Highly required","Highly required","Highly required","Highly required","Moderately required","Highly required","People management skill","Acceptance for failure;General opinion about the person;Good relationships with peers",""
"2022/04/21 11:23:07 AM GMT+5:30","Yuvraj ","Male","Commerce","4","Improve or maintain Organization's standard","Moderately important","Extremely important","Extremely important","Extremely important","Moderately required","Highly required","Moderately required","Highly required","Highly required","Highly required","Communication skill","Acceptance for failure;Good relationships with peers;A sense of community;Achievement and recognition;Group accomplishments",""
"2022/04/21 12:05:42 PM GMT+5:30","Omjeet","Male","","4","Improve employabliity;Improve learning and interpersonal skills;Improve or maintain Organization's standard","Very important","Moderately important","Extremely important","Extremely important","Highly required","Moderately required","Moderately required","Highly required","Highly required","Highly required","People management skill","Acceptance for failure;General opinion about the person;Good relationships with peers;Achievement and recognition","Listening to the problems of our community and taking measures to solve respectively "
"2022/04/24 1:44:56 PM GMT+5:30","Arjun solanki ","Male","Engineering","5","Improve learning and interpersonal skills","Slightly important","Slightly important","Moderately important","Moderately important","Highly required","Highly required","Highly required","Highly required","Moderately required","Moderately required","Innovation skill","Acceptance for failure;General opinion about the person;A sense of community;Off campus recognition","To do my 100% best "
"2022/04/24 1:50:45 PM GMT+5:30","Palak modani ","Female","Engineering","5","Improve learning and interpersonal skills","Extremely important","Extremely important","Very important","Extremely important","Highly required","Highly required","Moderately required","Highly required","Highly required","Highly required","Innovation skill","A sense of community;Off campus recognition;Achievement and recognition;Group accomplishments","As leader to do everything it takes to be a good leader "
"2022/04/24 2:01:02 PM GMT+5:30","Aayushi chouhan ","Female","Engineering","5","Improve learning and interpersonal skills","Slightly important","Slightly important","Very important","Very important","Moderately required","Highly required","Highly required","Highly required","Moderately required","Highly required","Influencing skill","Good relationships with peers;A sense of community;Off campus recognition;Achievement and recognition","It is my dream to be the best leader and serve best for the community "
"2022/04/24 2:05:20 PM GMT+5:30","Rajesh osara ","Male","Post Graduate","5","Improve learning and interpersonal skills","Very important","Extremely important","Very important","Extremely important","Highly required","Moderately required","Highly required","Highly required","Moderately required","Highly required","Planning and Delivery skill","A sense of community;Off campus recognition;Achievement and recognition;Group accomplishments","As a leader it is my responsibility to solve every problem with full courage. "
"2022/04/24 2:13:44 PM GMT+5:30","Himanshu sharma","Male","Medical","5","Improve or maintain Organization's standard","Very important","Very important","Moderately important","Extremely important","Slightly required","Highly required","Slightly required","Highly required","Highly required","Highly required","Influencing skill","Acceptance for failure;Good relationships with peers;A sense of community;Achievement and recognition","As a medical student it is my primary objective to help others, and if i became leader i will help others "
"2022/04/24 2:17:12 PM GMT+5:30","Antim billore ","Female","Commerce","4","Improve learning and interpersonal skills","Extremely important","Very important","Extremely important","Very important","Moderately required","","Slightly required","Highly required","Slightly required","Moderately required","Influencing skill","Acceptance for failure;A sense of community;Off campus recognition;Group accomplishments","Solving problems as a good leader "
"2022/04/24 2:25:16 PM GMT+5:30","Hariom Solanki ","Male","Post Graduate","4","Improve learning and interpersonal skills","Moderately important","Very important","Moderately important","Very important","Moderately required","Highly required","","Moderately required","Slightly required","Moderately required","Communication skill","A sense of community;Off campus recognition;Achievement and recognition;Group accomplishments","I can best serve when i can communicate with everyone and listen to their problems "
"2022/04/26 3:10:17 PM GMT+5:30","Bhawna Sharma","Female","Engineering","4","Improve learning and interpersonal skills;Improve or maintain Organization's standard","Very important","Extremely important","Moderately important","Very important","Moderately required","Highly required","Moderately required","Slightly required","Moderately required","Highly required","Influencing skill","General opinion about the person;A sense of community;Achievement and recognition;Group accomplishments","Be honest be simple be responsible"
"2022/04/26 3:11:19 PM GMT+5:30","Shailesh Atre","Male","Engineering","4","Improve employabliity;Improve or maintain Organization's standard","Very important","Extremely important","Moderately important","Very important","Slightly required","Moderately required","Moderately required","Slightly required","Moderately required","Slightly required","Communication skill","General opinion about the person;Good relationships with peers;A sense of community;Off campus recognition",""
"2022/04/26 3:13:42 PM GMT+5:30","Swarnim Khare","Male","Engineering","3","Improve learning and interpersonal skills","Very important","Extremely important","Moderately important","Extremely important","Highly required","Moderately required","Moderately required","Moderately required","Moderately required","Slightly required","Planning and Delivery skill","Acceptance for failure;A sense of community;Off campus recognition;Group accomplishments","Should also be good as a team member and respect for all"
"2022/04/26 3:16:46 PM GMT+5:30","Rajat Trivedi","Male","Engineering","4","Improve learning and interpersonal skills","Extremely important","Extremely important","Very important","Very important","Highly required","Highly required","Moderately required","Slightly required","Moderately required","Moderately required","Influencing skill","General opinion about the person;Good relationships with peers;Off campus recognition;Group accomplishments",""
"2022/04/26 3:18:55 PM GMT+5:30","Vivek Tiwari","Male","Engineering","4","Improve learning and interpersonal skills","Very important","Extremely important","Very important","Very important","Highly required","Moderately required","Moderately required","Slightly required","Moderately required","","People management skill","Acceptance for failure;General opinion about the person;A sense of community;Group accomplishments","Respectfull to all whether he or she is a good student or back bencher"
"2022/04/26 3:20:00 PM GMT+5:30","Prateek Shinde","Male","Engineering","4","Improve or maintain Organization's standard","Very important","Very important","Extremely important","Very important","Moderately required","Highly required","Moderately required","Slightly required","Highly required","Moderately required","Influencing skill","General opinion about the person;Off campus recognition;Achievement and recognition;Group accomplishments",""
"2022/04/26 3:21:02 PM GMT+5:30","Raj Kushwah","Male","Engineering","4","Improve learning and interpersonal skills","Moderately important","Very important","Extremely important","Very important","Highly required","Moderately required","Highly required","Moderately required","Moderately required","Moderately required","Influencing skill","General opinion about the person;Good relationships with peers;A sense of community;Achievement and recognition",""
"2022/04/26 3:24:55 PM GMT+5:30","Pranjal mishra","Female","Others","3","Improve learning and interpersonal skills","","Slightly important","","Slightly important","Moderately required","Moderately required","","Slightly required","Slightly required","Slightly required","","Off campus recognition","Just survive"
"2022/04/26 3:25:59 PM GMT+5:30","Devansh gupta","Male","Commerce","3","Improve or maintain Organization's standard","","Moderately important","","Moderately important","","","","","","Highly required","Communication skill","Acceptance for failure;A sense of community;Group accomplishments","Be kind leader "
"2022/04/26 3:26:44 PM GMT+5:30","Rahul singh","Male","Post Graduate","5","Improve or maintain Organization's standard","","Moderately important","","","","","","","","Highly required","Communication skill","Achievement and recognition;Group accomplishments","."
"2022/04/26 3:27:45 PM GMT+5:30","Harshal mishra","Male","Engineering","3","Improve or maintain Organization's standard","","","","Slightly important","","","Moderately required","Moderately required","","","People management skill","Acceptance for failure","Be kind leader"
"2022/04/26 3:28:50 PM GMT+5:30","Disha karani","Male","Medical","3","Improve learning and interpersonal skills","Slightly important","","Slightly important","Moderately important","","","","","Moderately required","","Influencing skill","A sense of community",""
"2022/04/26 3:29:03 PM GMT+5:30","Zaid khan ","Male","Medical","4","Improve learning and interpersonal skills","Very important","Extremely important","Moderately important","Very important","Highly required","Moderately required","Moderately required","Slightly required","Highly required","Highly required","Planning and Delivery skill","General opinion about the person;A sense of community;Achievement and recognition;Group accomplishments","To be a good problem solver "
"2022/04/26 3:29:43 PM GMT+5:30","Devesh ahirwal","Male","Medical","3","Improve learning and interpersonal skills","","Moderately important","","","Moderately required","Moderately required","Moderately required","Moderately required","Moderately required","Moderately required","Planning and Delivery skill","Good relationships with peers",""
"2022/04/26 3:30:52 PM GMT+5:30","Sahil sheikh ","Male","Engineering","2","Improve employabliity;Improve learning and interpersonal skills;Improve or maintain Organization's standard","Slightly important","Slightly important","Moderately important","Not important at all","Moderately required","Slightly required","","Moderately required","Moderately required","Moderately required","Influencing skill","Acceptance for failure;General opinion about the person;Good relationships with peers;A sense of community;Off campus recognition;Achievement and recognition;Group accomplishments",""
"2022/04/26 3:30:53 PM GMT+5:30","Kapil Sharna ","Male","Medical","4","Improve learning and interpersonal skills","Very important","Very important","Extremely important","Very important","Moderately required","Highly required","","Slightly required","Highly required","Moderately required","Planning and Delivery skill","Acceptance for failure;General opinion about the person;Good relationships with peers;Off campus recognition","Serving as good leader "
"2022/04/26 3:32:22 PM GMT+5:30"," Jeon Jungkook","Male","Others","3","Improve employabliity;Improve learning and interpersonal skills;Improve or maintain Organization's standard","Slightly important","Slightly important","Slightly important","Slightly important","Moderately required","Moderately required","Moderately required","Moderately required","Moderately required","Moderately required","Planning and Delivery skill","Acceptance for failure;General opinion about the person;Good relationships with peers;A sense of community;Off campus recognition;Achievement and recognition;Group accomplishments","Lots of love "
"2022/04/26 5:42:36 PM GMT+5:30","Vandana","Female","Medical","4","Improve or maintain Organization's standard","Extremely important","Very important","Extremely important","Extremely important","Highly required","Highly required","Moderately required","Highly required","Moderately required","Highly required","Influencing skill","Acceptance for failure;A sense of community;Off campus recognition;Achievement and recognition","Yes"
"2022/04/26 5:43:31 PM GMT+5:30","Vedika","Female","Commerce","4","Improve employabliity","Moderately important","Very important","Extremely important","Extremely important","Moderately required","Highly required","Moderately required","Highly required","Slightly required","Highly required","Communication skill","Acceptance for failure;General opinion about the person;Achievement and recognition;Group accomplishments",""
"2022/04/26 5:44:41 PM GMT+5:30","Sumit","Male","Engineering","5","Improve employabliity","Extremely important","Very important","Slightly important","Slightly important","Highly required","Highly required","Highly required","Moderately required","Slightly required","Highly required","Planning and Delivery skill","Acceptance for failure;General opinion about the person;Good relationships with peers;A sense of community;Off campus recognition",""
"2022/04/26 5:45:25 PM GMT+5:30","Shubham","Male","Engineering","4","Improve learning and interpersonal skills","Very important","Very important","Extremely important","Very important","Highly required","Moderately required","Highly required","Highly required","Moderately required","Highly required","Communication skill","General opinion about the person;Good relationships with peers;Off campus recognition;Achievement and recognition",""
"2022/04/26 5:46:17 PM GMT+5:30","Deepak makode","Male","Engineering","5","Improve employabliity","Extremely important","Very important","Extremely important","Extremely important","Highly required","Highly required","Highly required","Highly required","Moderately required","Highly required","Communication skill","General opinion about the person;Good relationships with peers;Off campus recognition;Group accomplishments",""
"2022/04/26 5:47:29 PM GMT+5:30","Sandeep Nagar","Male","Medical","5","Improve employabliity","Extremely important","Very important","Extremely important","Very important","Highly required","Highly required","Moderately required","Highly required","Moderately required","Moderately required","Influencing skill","Good relationships with peers;A sense of community;Off campus recognition;Achievement and recognition;Group accomplishments",""
"2022/04/26 5:48:11 PM GMT+5:30","Pooja","Female","Medical","5","Improve learning and interpersonal skills","Extremely important","Very important","Extremely important","Very important","Highly required","Highly required","Moderately required","Highly required","Highly required","Highly required","People management skill","Acceptance for failure;Good relationships with peers;A sense of community;Off campus recognition",""
"2022/04/26 5:48:55 PM GMT+5:30","Sonal Barange","Female","Commerce","5","Improve learning and interpersonal skills","Extremely important","Extremely important","Extremely important","Very important","Highly required","Highly required","Moderately required","Highly required","Highly required","Highly required","Planning and Delivery skill","Acceptance for failure;Good relationships with peers;A sense of community;Off campus recognition",""
"2022/04/26 5:49:51 PM GMT+5:30","Mithlesh Kumar","Male","Post Graduate","4","Improve or maintain Organization's standard","Extremely important","Very important","Extremely important","Extremely important","Highly required","Highly required","Highly required","Moderately required","Highly required","Highly required","Influencing skill","A sense of community;Off campus recognition;Achievement and recognition;Group accomplishments",""
"2022/04/26 5:50:50 PM GMT+5:30","Ashish jat","Male","Post Graduate","4","Improve or maintain Organization's standard","Extremely important","Very important","Extremely important","Extremely important","Highly required","Moderately required","Highly required","Highly required","Highly required","Highly required","Planning and Delivery skill","Acceptance for failure;Good relationships with peers;Off campus recognition;Achievement and recognition",""
"2022/04/26 5:52:04 PM GMT+5:30","Aashrmi","Female","Medical","5","Improve employabliity","Extremely important","Very important","Extremely important","Very important","Highly required","Highly required","Slightly required","Highly required","Highly required","Highly required","Influencing skill","General opinion about the person;Good relationships with peers;A sense of community;Off campus recognition;Achievement and recognition",""
"2022/04/26 5:54:49 PM GMT+5:30","Yashi","Female","Commerce","4","Improve learning and interpersonal skills","Extremely important","Very important","Extremely important","Extremely important","Highly required","Moderately required","Highly required","Highly required","Moderately required","Highly required","Planning and Delivery skill","Acceptance for failure;Good relationships with peers;A sense of community;Group accomplishments",""
"2022/04/26 5:55:32 PM GMT+5:30","Kushi","Female","Medical","5","Improve employabliity","Extremely important","Very important","Extremely important","Extremely important","Highly required","Moderately required","Highly required","Highly required","Moderately required","Highly required","Communication skill","Acceptance for failure;Good relationships with peers;Off campus recognition;Achievement and recognition",""
"2022/04/26 5:56:37 PM GMT+5:30","Nikita dongre","Female","Post Graduate","4","Improve learning and interpersonal skills","Extremely important","Extremely important","Extremely important","Extremely important","Highly required","Highly required","Moderately required","Highly required","Moderately required","Moderately required","Influencing skill","Good relationships with peers;A sense of community;Achievement and recognition;Group accomplishments",""
"2022/04/26 5:57:26 PM GMT+5:30","Ankita","Female","Commerce","5","Improve or maintain Organization's standard","Very important","Very important","Very important","Very important","Highly required","Moderately required","Moderately required","Highly required","Moderately required","Highly required","Innovation skill","Acceptance for failure;General opinion about the person;A sense of community;Achievement and recognition",""